0,2.74103848795304,2.79074405155708,2.84044961516112
0.1,2.77345355112194,2.826563902041,2.87967425296006
0.2,2.80592928911012,2.86199283905155,2.91805638899298
0.3,2.83829149175773,2.89698241627308,2.95567334078842
0.4,2.86887154997734,2.92729566799747,2.9857197860176
0.5,2.8965621622761,2.95321779300294,3.00987342372979
0.6,2.92104772191164,2.97549624983405,3.02994477775646
0.7,2.94266801791978,2.99511431327961,3.04756060863943
0.8,2.96199173051909,3.01279924745575,3.06360676439241
0.9,2.97953376607905,3.02901304717539,3.07849232827173
1,2.995679232648,3.04406183601327,3.09244443937855
1.1,3.01070558961681,3.05815119973084,3.10559680984486
1.2,3.02482955523522,3.07143410453704,3.11803865383887
1.3,3.03821246496732,3.08402291194403,3.12983335892074
1.4,3.05097258864881,3.09601222481675,3.14105186098469
1.5,3.06318498525758,3.10746551182286,3.15174603838813
1.6,3.07491116137039,3.11844139602388,3.16197163067736
1.7,3.0861777631613,3.12897337522318,3.17176898728507
1.8,3.09700450030109,3.13908509207515,3.18116568384921
1.9,3.10738164968895,3.14879154322,3.19020143675105
2,3.11727936170076,3.1580970582872,3.19891475487364
2.1,3.12662715335387,3.16696996791342,3.20731278247297
2.2,3.13535404498181,3.17538163825508,3.21540923152835
2.3,3.14338767566419,3.18331209299372,3.22323651032326
2.4,3.1507276981822,3.19076710283843,3.23080650749466
2.5,3.15743688811865,3.19779064816777,3.23814440821688
2.6,3.16361759451345,3.20443746676204,3.24525733901064
2.7,3.16935003151319,3.21074890764646,3.25214778377973
2.8,3.17473057538469,3.21678209009992,3.25883360481514
2.9,3.17981678450035,3.22256992976745,3.26532307503455
3,3.18465276733075,3.2281377281403,3.27162268894986
3.1,3.18925556724397,3.23349967718979,3.27774378713561
3.2,3.19366320684457,3.23868100369275,3.28369880054093
3.3,3.19789661775711,3.2436847098488,3.2894728019405
3.4,3.20196729575823,3.24852325975704,3.29507922375586
3.5,3.20589226057393,3.25320601716312,3.3005197737523
3.6,3.20968555246041,3.25774343757548,3.30580132269054
3.7,3.21335340384423,3.262138436047,3.31092346824978
3.8,3.21689620892213,3.2663977997544,3.31589939058668
3.9,3.22033208579862,3.27053346623339,3.32073484666816
4,3.22365901348714,3.27454400005702,3.3254289866269
4.1,3.22687546650522,3.27841885489819,3.32996224329117
4.2,3.22999785575373,3.28216311847398,3.33432838119423
4.3,3.23303696004872,3.28578850886691,3.33854005768509
4.4,3.2359802854131,3.28929006545695,3.34259984550079
4.5,3.23881809356049,3.29265516104828,3.34649222853608
4.6,3.24156858012014,3.2958915600976,3.35021454007506
4.7,3.24424255714394,3.29899810360619,3.35375365006845
4.8,3.2468342350922,3.30196761644476,3.35710099779733
4.9,3.2493398502618,3.30479709008008,3.36025432989837
5,3.25177456919222,3.30749496731457,3.36321536543692
5.1,3.25414981724004,3.3100588536802,3.36596789012036
5.2,3.25645969807888,3.31249562846159,3.36853155884429
5.3,3.25870497395172,3.31482958532459,3.37095419669747
5.4,3.2608977453343,3.31707177931828,3.37324581330226
5.5,3.26305798531771,3.31925534225026,3.37545269918281
5.6,3.26519102438608,3.32139248889931,3.37759395341254
5.7,3.26729886332782,3.32349878415271,3.3796987049776
5.8,3.26937308320819,3.32557875136162,3.38178441951505
5.9,3.27142792883631,3.32766894962536,3.3839099704144
6,3.27347253192629,3.32975691465152,3.38604129737675
6.1,3.27551012934842,3.33182918169068,3.38814823403294
6.2,3.27754104008993,3.33388925097674,3.39023746186354
6.3,3.2795726625166,3.33594790300231,3.39232314348801
6.4,3.2816070296025,3.33801000326576,3.39441297692902
6.5,3.28364697760058,3.34006799529261,3.39648901298465
6.6,3.28568755822881,3.34212163749644,3.39855571676406
6.7,3.28772847236378,3.34416789697796,3.40060732159214
6.8,3.28976685755947,3.34621406202388,3.40266126648829
6.9,3.29180573516837,3.34825065793147,3.40469558069457
7,3.29384530615423,3.35027575133527,3.40670619651631
7.1,3.29588632288785,3.3522882025276,3.40869008216734
7.2,3.29792028479966,3.35428693501232,3.41065358522498
7.3,3.29995320649583,3.35627901566095,3.41260482482608
7.4,3.30198298714475,3.3582610407306,3.41453909431644
7.5,3.3040089580691,3.36022980663981,3.41645065521053
7.6,3.3060302079319,3.36219246018993,3.41835471244797
7.7,3.30804314916223,3.36414055987742,3.42023797059261
7.8,3.31004034044533,3.36606106933106,3.4220817982168
7.9,3.31202368619801,3.36796244783427,3.42390120947053
8,3.31399654491067,3.36985734025974,3.4257181356088
8.1,3.31594865107483,3.37173155959873,3.42751446812262
8.2,3.31787934127854,3.37358118263096,3.42928302398338
8.3,3.31978653912062,3.37541045105591,3.43103436299119
8.4,3.3216804577522,3.377218854793,3.43275725183381
8.5,3.32355923044625,3.37899877110298,3.43443831175972
8.6,3.32541848788405,3.38075088232898,3.4360832767739
8.7,3.32724074279136,3.38246210292365,3.43768346305594
8.8,3.3290283814705,3.38412209934347,3.43921581721643
8.9,3.33078864886499,3.385727684826,3.44066672078702
9,3.33253004447514,3.38728548309985,3.44204092172455
9.1,3.33424926615467,3.38879174940403,3.4433342326534
9.2,3.3359430700593,3.39024771285485,3.44455235565041
9.3,3.3376038750945,3.39164938060987,3.44569488612525
9.4,3.33926241765256,3.39300965010572,3.44675688255888
9.5,3.3408791739319,3.3943111001999,3.4477430264679
9.6,3.34256281467125,3.39561055582361,3.44865829697597
9.7,3.3458678938598,3.39778228083899,3.44969666781818
9.8,3.34919346565587,3.39996073984182,3.45072801402778
9.9,3.35246674408886,3.40208752972736,3.45170831536586
10,3.35571628792592,3.40418252056022,3.45264875319451
10.1,3.35890624445283,3.40623534267364,3.45356444089446
10.2,3.36200855738619,3.40822703219151,3.45444550699683
10.3,3.36508961339466,3.41018879407923,3.4552879747638
10.4,3.36815001222759,3.41212635153864,3.45610269084969
10.5,3.37114301386968,3.41402425030633,3.45690548674298
10.6,3.37409157383667,3.41588918340832,3.45768679297997
10.7,3.37701534378045,3.4177316677648,3.45844799174915
10.8,3.37989696060781,3.41955076098854,3.45920456136926
10.9,3.3827344881123,3.42134661293655,3.45995873776081
11,3.38554807094444,3.42312017048432,3.46069227002421
11.1,3.38832097703863,3.42486197591555,3.46140297479247
11.2,3.39107512886964,3.42659282578843,3.46211052270723
11.3,3.3938210366283,3.42832189951285,3.4628227623974
11.4,3.39653804223707,3.43003553927011,3.46353303630316
11.5,3.39923714362161,3.43174187071545,3.46424659780928
11.6,3.40186594629232,3.43340035672053,3.46493476714875
11.7,3.40443089605267,3.43501855356127,3.46560621106986
11.8,3.40696090237525,3.43661981466286,3.46627872695047
11.9,3.4094415539547,3.43820847987079,3.46697540578688
12,3.41189514621783,3.43977654526705,3.46765794431627
12.1,3.41424623846512,3.44128472702052,3.46832321557593
12.2,3.41650998285147,3.44274448109436,3.46897897933726
12.3,3.41870867733781,3.44417529755485,3.4696419177719
12.4,3.42090151021085,3.44560222932328,3.47030294843571
12.5,3.42303920556457,3.44700085562886,3.47096250569315
12.6,3.42513442771099,3.44838304480636,3.47163166190172
12.7,3.42728177086832,3.44980162000885,3.47232146914938
12.8,3.42952922011306,3.45126375950534,3.47299829889762
12.9,3.43192007160117,3.45278012272095,3.47364017384073
13,3.43440617576003,3.45434070038269,3.47427522500536
13.1,3.43690943434259,3.45592274016721,3.47493604599182
13.2,3.43942813792769,3.45752086351156,3.47561358909542
13.3,3.44190706757141,3.45909767782646,3.47628828808152
13.4,3.44428579856779,3.46062504424152,3.47696428991526
13.5,3.44649060283437,3.46206137042424,3.47763213801412
13.6,3.44855585100978,3.46343030743866,3.47830476386753
13.7,3.45044436011544,3.4647100168245,3.47897567353356
13.8,3.45222090288316,3.46594112159125,3.47966134029934
13.9,3.45388733360365,3.46712544330607,3.48036355300849
14,3.45546739005602,3.46827181423719,3.48107623841836
14.1,3.45694317676984,3.46935712335627,3.48177106994269
14.2,3.45837009097025,3.47041355658184,3.48245702219342
14.3,3.4597095453538,3.47143842904939,3.48316731274497
14.4,3.46093637952241,3.47241672846782,3.48389707741323
14.5,3.46208558917294,3.4733596149495,3.48463364072606
14.6,3.46321508448946,3.47429647411114,3.48537786373283
14.7,3.46430051264075,3.47521827269018,3.48613603273961
14.8,3.46534693463949,3.47612559287606,3.48690425111264
14.9,3.46635007492065,3.47700760004214,3.48766512516363
15,3.46728936094323,3.47786413920627,3.48843891746931
15.1,3.46818443567076,3.47870705358398,3.48922967149721
15.2,3.46908294138726,3.47955781312781,3.49003268486835
15.3,3.46994531793928,3.48039306997682,3.49084082201435
15.4,3.47079685383086,3.48123236235616,3.49166787088145
15.5,3.47165238660801,3.48207889967997,3.49250541275193
15.6,3.47248823051564,3.48292059169503,3.49335295287441
15.7,3.47327215417924,3.48374864800771,3.49422514183618
15.8,3.4740383635225,3.48458205423871,3.49512574495492
15.9,3.47477401563866,3.48539690478235,3.49601979392604
16,3.47549458166813,3.48620969132564,3.49692480098316
16.1,3.47620218876075,3.48702785238001,3.49785351599927
16.2,3.4769025129239,3.48785236783624,3.49880222274858
16.3,3.4775951007918,3.48867616542976,3.49975723006772
16.4,3.47828885654013,3.48950781322722,3.5007267699143
16.5,3.47898466118692,3.49034786994307,3.50171107869923
16.6,3.47965164900275,3.49117723244255,3.50270281588235
16.7,3.48027313954726,3.49199603802688,3.5037189365065
16.8,3.48091201524188,3.49283186184236,3.50475170844285
16.9,3.48156065895264,3.49368195992843,3.50580326090422
17,3.48220693762063,3.49453524587342,3.5068635541262
17.1,3.48281539609212,3.49537235176535,3.50792930743859
17.2,3.48343814781999,3.49621969739481,3.50900124696963
17.3,3.48404505557091,3.49706922638129,3.51009339719168
17.4,3.48464180931797,3.49792620944262,3.51121060956728
17.5,3.48522096485042,3.49878638165819,3.51235179846595
17.6,3.48577793593238,3.49963858881086,3.51349924168935
17.7,3.48634905526532,3.50049262443592,3.51463619360652
17.8,3.48695256728866,3.50135675420899,3.51576094112931
17.9,3.48756905910287,3.50223806397303,3.5169070688432
18,3.4881482547842,3.50311019089233,3.51807212700045
18.1,3.48870729151613,3.50397786533661,3.5192484391571
18.2,3.48927406095912,3.504853268728,3.52043247649689
18.3,3.48983167982429,3.50573753117785,3.52164338253141
18.4,3.4903719823626,3.50661349030158,3.52285499824056
18.5,3.49091758846343,3.50748790976487,3.52405823106632
18.6,3.49148304876439,3.50836692532497,3.52525080188555
18.7,3.49205081782071,3.50924788496191,3.52644495210312
18.8,3.49259132114419,3.51011233850808,3.52763335587196
18.9,3.49314185632318,3.51098153193554,3.5288212075479
19,3.49368726727791,3.511851558869,3.53001585046009
19.1,3.49426351492084,3.51273902496771,3.53121453501458
19.2,3.49484929353678,3.5136306910251,3.53241208851342
19.3,3.4954618115548,3.51453027114492,3.53359873073505
19.4,3.49601902310517,3.51539452643121,3.53477002975725
19.5,3.49656182823003,3.51624751924253,3.53593321025503
19.6,3.49712384410042,3.51710872889882,3.53709361369722
19.7,3.49768454009236,3.51796618199537,3.53824782389839
19.8,3.49820231007484,3.51876328450933,3.53932425894381
19.9,3.49873054739753,3.5195679234632,3.54040529952887
20,3.49932687959773,3.52040235475683,3.54147782991593
20.1,3.49990589540648,3.52122198106483,3.54253806672319
20.2,3.50046305777741,3.52203326056791,3.54360346335841
20.3,3.50106143259751,3.52287146452248,3.54468149644745
20.4,3.50168518185349,3.52371488292832,3.54574458400316
20.5,3.50229913843423,3.52454764061394,3.54679614279366
20.6,3.50293916099845,3.52539764540169,3.54785612980493
20.7,3.5036056699012,3.52627005476057,3.54893443961994
20.8,3.50426193666674,3.52713759003408,3.55001324340142
20.9,3.50493561233738,3.52801385686181,3.55109210138624
21,3.50562619476223,3.52889686947815,3.55216754419407
21.1,3.50633000082,3.52978054064182,3.55323108046364
21.2,3.50710746070446,3.53070138509252,3.55429530948058
21.3,3.50795031804893,3.53165440368046,3.555358489312
21.4,3.50881695401833,3.5326191152357,3.55642127645306
21.5,3.50968483972666,3.53358351392289,3.55748218811912
21.6,3.51058863043484,3.53456755754054,3.55854648464625
21.7,3.51151302867333,3.53555989086077,3.5596067530482
21.8,3.51244460142435,3.53654606378476,3.56064752614516
21.9,3.51341596721221,3.53754538474793,3.56167480228366
22,3.51445480511662,3.53856840633655,3.56268200755648
22.1,3.51552054531649,3.53959991529406,3.56367928527163
22.2,3.51659065860508,3.54063071167523,3.56467076474538
22.3,3.51769442580448,3.54167189927531,3.56564937274613
22.4,3.51882867557154,3.54271181998098,3.56659496439043
22.5,3.51998205415839,3.54375201718775,3.56752198021712
22.6,3.52113262374645,3.54479316491722,3.56845370608799
22.7,3.52224469021135,3.54581087908527,3.56937706795919
22.8,3.52338568185868,3.54683294283959,3.57028020382051
22.9,3.52458560730365,3.54787512689559,3.57116464648753
23,3.52578200695671,3.54891595798166,3.57204990900662
23.1,3.52693596144061,3.54994255440992,3.57294914737923
23.2,3.52808236933738,3.55096480755239,3.57384724576741
23.3,3.52922578391263,3.55197938058348,3.57473297725432
23.4,3.53035967337298,3.55298802191382,3.57561637045466
23.5,3.53150231914523,3.55400760722546,3.57651289530569
23.6,3.53263112562507,3.55502076532994,3.57741040503481
23.7,3.53377222129498,3.55604630907298,3.57832039685098
23.8,3.53492627735765,3.55707671612249,3.57922715488733
23.9,3.53608896276237,3.55811438579176,3.58013980882114
24,3.5372391197353,3.55914537035063,3.58105162096596
24.1,3.53837163120667,3.56017640185629,3.58198117250592
24.2,3.5395441658057,3.56123173156656,3.58291929732742
24.3,3.54077215481825,3.56232864405746,3.58388513329666
24.4,3.54201560104019,3.56343598637986,3.58485637171954
24.5,3.54322420275097,3.56452237823939,3.58582055372782
24.6,3.54441445439189,3.56560268911092,3.58679092382994
24.7,3.54559714343933,3.56668606236643,3.58777498129353
24.8,3.54676640613526,3.56777184744469,3.58877728875411
24.9,3.5479352473342,3.5688595977082,3.5897839480822
25,3.54910220991237,3.56995310806461,3.59080400621684
25.1,3.55026351323691,3.57103739342923,3.59181127362156
25.2,3.55142215350717,3.57211624549899,3.59281033749081
25.3,3.55257728690653,3.57319129188382,3.59380529686112
25.4,3.55370942661434,3.57425907471833,3.59480872282233
25.5,3.55479484451135,3.57529248125934,3.59579011800734
25.6,3.55587088185667,3.57630674202851,3.59674260220035
25.7,3.55695513795196,3.57731556833524,3.59767599871851
25.8,3.55800803141462,3.57830785945278,3.59860768749094
25.9,3.55897821695296,3.57924985203123,3.59952148710951
26,3.55995940942143,3.58018243082607,3.60040545223071
26.1,3.56095884823782,3.5811039106541,3.60124897307039
26.2,3.56197202947955,3.58201723971228,3.60206244994501
26.3,3.56294685325757,3.58290166520169,3.60285647714581
26.4,3.56393208018191,3.58378858779942,3.60364509541693
26.5,3.56486998372475,3.58464142456223,3.60441286539971
26.6,3.56578845011268,3.58547225856897,3.60515606702526
26.7,3.56669110180406,3.5862823936248,3.60587368544554
26.8,3.56758663148173,3.58708422572158,3.60658181996144
26.9,3.56846583269738,3.5878739029899,3.60728197328242
27,3.56933037292093,3.58865202237209,3.60797367182326
27.1,3.57016925474396,3.58940500196617,3.60864074918837
27.2,3.57101160632411,3.59015574423053,3.60929988213694
27.3,3.57188025517001,3.59091348072265,3.60994670627529
27.4,3.57274786165024,3.59166654781519,3.61058523398014
27.5,3.57357347878909,3.59239119945487,3.61120892012064
27.6,3.57438944648749,3.59311177325186,3.61183410001623
27.7,3.57522677373535,3.59383945119277,3.61245212865019
27.8,3.57606134143965,3.59456742702348,3.61307351260731
27.9,3.57688202200972,3.59528630086701,3.61369057972431
28,3.57768854728327,3.59599167983902,3.61429481239476
28.1,3.57852016460843,3.59670556710162,3.61489096959481
28.2,3.57933895811547,3.59741585960025,3.61549276108502
28.3,3.580185374112,3.59813637646209,3.61608737881218
28.4,3.58102446861099,3.59884676791585,3.61666906722071
28.5,3.58187769573981,3.59956031133344,3.61724292692707
28.6,3.58267954406652,3.60025149049717,3.61782343692781
28.7,3.58347570981103,3.60094551380997,3.61841531780892
28.8,3.58428347425927,3.60164206636122,3.61900065846318
28.9,3.58511370218679,3.60233928647703,3.61956487076726
29,3.58594800138526,3.6030312619219,3.62011452245854
29.1,3.58679238787086,3.60373249007333,3.62067259227579
29.2,3.58761928808604,3.60442393468795,3.62122858128985
29.3,3.58840994505084,3.60509410940313,3.62177827375543
29.4,3.58922115893909,3.60577563669808,3.62233011445707
29.5,3.59006434921261,3.6064844630803,3.62290457694799
29.6,3.5909880968547,3.60723082901174,3.62347356116878
29.7,3.59191752284268,3.60796720907434,3.624016895306
29.8,3.59285174495687,3.60870285601871,3.62455396708054
29.9,3.59377848125184,3.6094491231473,3.62511976504276
30,3.59470987527634,3.61019898643066,3.62568809758497
30.1,3.59565647523568,3.61095533883388,3.62625420243208
30.2,3.59662474529556,3.61171937863046,3.62681401196537
30.3,3.59754888637223,3.61245708676211,3.62736528715198
30.4,3.59842939398331,3.61316723148162,3.62790506897994
30.5,3.59931543573888,3.61388444525205,3.62845345476522
30.6,3.60020539004804,3.61460403370829,3.62900267736854
30.7,3.60108086788073,3.6153144787523,3.62954808962387
30.8,3.60195511500055,3.61602258571941,3.63009005643827
30.9,3.60286322424642,3.61674809282538,3.63063296140433
31,3.60374030333322,3.61745026414686,3.6311602249605
31.1,3.6045941541131,3.61813543424055,3.631676714368
31.2,3.60546237917764,3.61883377927509,3.63220517937253
31.3,3.6063419716345,3.61954379013912,3.63274560864373
31.4,3.60718396017697,3.62024318545784,3.6333024107387
31.5,3.60799674018257,3.62091878191121,3.63384082363986
31.6,3.60879601790153,3.62158162442847,3.63436723095541
31.7,3.60961938354092,3.62225563644976,3.6348918893586
31.8,3.61043978790098,3.62293621739945,3.63543264689792
31.9,3.61124709485917,3.6236013209947,3.63595554713023
32,3.61205608269164,3.62426238872094,3.63646869475025
32.1,3.61288506978055,3.62493717741588,3.63698928505121
32.2,3.61365992724658,3.62559423096721,3.63752853468785
32.3,3.6144090695338,3.62623570871952,3.63806234790524
32.4,3.61518300638618,3.6268867571751,3.63859050796402
32.5,3.61599606141383,3.62755804357442,3.63912002573501
32.6,3.61681491848211,3.6282331828554,3.63965144722869
32.7,3.61759559312342,3.62889234905804,3.64018910499266
32.8,3.61834604157415,3.62953498055635,3.64072391953856
32.9,3.61909318413493,3.63016774976303,3.64124231539114
33,3.61984934302764,3.63079943535199,3.64174952767634
33.1,3.6205995291079,3.63143848375467,3.64227743840145
33.2,3.6213563590749,3.63208805739553,3.64281975571616
33.3,3.62210909061173,3.6327356422041,3.64336219379647
33.4,3.62286905332247,3.6333816088791,3.64389416443574
33.5,3.62363814461513,3.63403917662691,3.64444020863869
33.6,3.62440279626261,3.63469334509066,3.6449838939187
33.7,3.62512419374946,3.63533131333053,3.6455384329116
33.8,3.62586695206586,3.63597735881839,3.64608776557092
33.9,3.62662302059668,3.63663310202178,3.64664318344688
34,3.62735769568586,3.63726887108514,3.64718004648443
34.1,3.62805918475449,3.63789019250014,3.64772120024579
34.2,3.62877359268516,3.63852054555618,3.6482674984272
34.3,3.62952180748672,3.63917220871515,3.64882260994358
34.4,3.63026017864214,3.63981986481242,3.64937955098271
34.5,3.63099873337536,3.64046825181119,3.64993777024702
34.6,3.63171020966042,3.64110290803919,3.65049560641796
34.7,3.63243159515914,3.64174254827287,3.6510535013866
34.8,3.63315139270204,3.64238632333158,3.65162125396112
34.9,3.63386476541201,3.64302825279789,3.65219174018377
35,3.6345731636958,3.64366063954001,3.65274811538423
35.1,3.635310238665,3.64430651649804,3.65330279433108
35.2,3.63606550242472,3.64496950930954,3.65387351619437
35.3,3.63680136641859,3.64562634849617,3.65445133057375
35.4,3.63752787404613,3.64627226032096,3.65501664659579
35.5,3.6382511087983,3.64691734669318,3.65558358458806
35.6,3.63898627821858,3.64757240542175,3.65615853262492
35.7,3.63971351048426,3.64822811233867,3.65674271419308
35.8,3.64043353355644,3.64889006902398,3.65734660449153
35.9,3.64115204026574,3.64954795759228,3.65794387491882
36,3.64189953812712,3.65021343717288,3.65852733621864
36.1,3.64262032798249,3.65086207655118,3.65910382511988
36.2,3.64334174481169,3.65152084671452,3.65969994861735
36.3,3.64408504440544,3.65218911795887,3.6602931915123
36.4,3.64483695268191,3.65286480443239,3.66089265618286
36.5,3.64555659478188,3.65352998324696,3.66150337171203
36.6,3.6463104086728,3.6542151265462,3.66211984441961
36.7,3.64705745384725,3.65489603810444,3.66273462236164
36.8,3.64778656862765,3.65556341767243,3.66334026671721
36.9,3.64848809333178,3.65621788887386,3.66394768441594
37,3.64921280202991,3.65689032326708,3.66456784450425
37.1,3.64996850817744,3.65757825684443,3.66518800551142
37.2,3.65076352509662,3.65828055812136,3.6657975911461
37.3,3.65154826133405,3.65897899486819,3.66640972840234
37.4,3.65228908353082,3.65966500271152,3.66704092189223
37.5,3.65300119821481,3.66033694840938,3.66767269860395
37.6,3.6537156776548,3.66101183109723,3.66830798453965
37.7,3.65447340893922,3.6617097048777,3.66894600081617
37.8,3.65524990061506,3.66242188193051,3.66959386324595
37.9,3.65602114940051,3.66313013311424,3.67023911682797
38,3.65678204562761,3.66383626089532,3.67089047616302
38.1,3.65756921693058,3.6645598606966,3.67155050446262
38.2,3.65835900725821,3.66528700640332,3.67221500554842
38.3,3.65910594706391,3.66598739453968,3.67286884201545
38.4,3.65985677904074,3.66668654171797,3.6735163043952
38.5,3.66061768194915,3.66739762245321,3.67417756295727
38.6,3.66138313140331,3.66812159701101,3.67486006261872
38.7,3.66215387097658,3.66885409561067,3.67555432024475
38.8,3.6629458758133,3.66959326286918,3.67624064992505
38.9,3.66372800035539,3.67032205026176,3.67691610016813
39,3.66452711552281,3.67106589145918,3.67760466739554
39.1,3.66532075480441,3.67180897631931,3.67829719783421
39.2,3.66611059194729,3.67255463415669,3.67899867636608
39.3,3.66690634833136,3.67330132193599,3.67969629554061
39.4,3.66772377559269,3.67405590305562,3.68038803051854
39.5,3.66853316909514,3.67479867013432,3.68106417117351
39.6,3.66925949258406,3.67550983950892,3.68176018643378
39.7,3.66995452344474,3.67621589873385,3.68247727402295
39.8,3.67065807195697,3.67693087108618,3.6832036702154
39.9,3.6713829149641,3.67764291003159,3.68390290509908
40,3.6721169539276,3.67835782471814,3.68459869550868
40.1,3.67284794710186,3.67907393911011,3.68529993111837
40.2,3.6735500525306,3.67977927591842,3.68600849930623
40.3,3.67426591238714,3.68049279991627,3.68671968744539
40.4,3.6750050069343,3.68121579831377,3.68742658969324
40.5,3.67575822820623,3.68194725364847,3.68813627909072
40.6,3.67649502839245,3.68267133909116,3.68884764978986
40.7,3.67722941694164,3.68340390821376,3.68957839948588
40.8,3.67797245488935,3.68414019863433,3.69030794237932
40.9,3.67871837232154,3.68487736396046,3.69103635559938
41,3.67944029255924,3.68560370530091,3.69176711804257
41.1,3.68015160354628,3.68633064149684,3.6925096794474
41.2,3.6809278244776,3.68709094809033,3.69325407170306
41.3,3.68169115387178,3.68784348458788,3.69399581530398
41.4,3.6824498383398,3.68859695793712,3.69474407753444
41.5,3.68322191588472,3.68935536058111,3.6954888052775
41.6,3.68400889308713,3.69012912035439,3.69624934762164
41.7,3.68476397674246,3.69089260177799,3.69702122681352
41.8,3.68552997311994,3.69166647562296,3.69780297812598
41.9,3.68631931028309,3.69244599576652,3.69857268124996
42,3.68709720242801,3.69322937415418,3.69936154588034
42.1,3.68786057481158,3.69400466591244,3.70014875701331
42.2,3.68863585968076,3.69479142045323,3.70094698122571
42.3,3.68941314737707,3.69557393224276,3.70173471710844
42.4,3.69018178171256,3.69635224429029,3.70252270686802
42.5,3.69092888591331,3.69711278682129,3.70329668772928
42.6,3.69169378474999,3.69789090414279,3.70408802353559
42.7,3.69251585605629,3.69869990085437,3.70488394565246
42.8,3.69336835108202,3.6995244638289,3.70568057657577
42.9,3.69418384931587,3.70033639939786,3.70648894947984
43,3.69499587172646,3.7011502041725,3.70730453661854
43.1,3.69581499050061,3.7019758414112,3.70813669232179
43.2,3.69662517052993,3.70279352752094,3.70896188451194
43.3,3.6974227055367,3.70359906868229,3.70977543182787
43.4,3.69823040505316,3.70440428529533,3.7105781655375
43.5,3.69905208581938,3.70523108741789,3.7114100890164
43.6,3.69986476838675,3.70605922372122,3.71225367905568
43.7,3.70068619126684,3.70688605812233,3.71308592497783
43.8,3.7014521446155,3.70768333148984,3.71391451836417
43.9,3.70227425607875,3.70851737275198,3.71476048942522
44,3.70314947201925,3.70938193405899,3.71561439609873
44.1,3.70404783505268,3.71025201257309,3.71645619009349
44.2,3.70491717765182,3.71110179430104,3.71728641095026
44.3,3.70577146429675,3.71194800125115,3.71812453820555
44.4,3.70659340717965,3.71278563184245,3.71897785650526
44.5,3.70740585608745,3.71362409746568,3.71984233884391
44.6,3.70823978860795,3.71448158416134,3.72072337971473
44.7,3.70904209672637,3.71532228324544,3.72160246976451
44.8,3.70985486435683,3.71616102824539,3.72246719213395
44.9,3.71070385777657,3.71701643921006,3.72332902064355
45,3.71153656489908,3.71787251754007,3.72420847018105
45.1,3.71234982057086,3.71872135894627,3.72509289732168
45.2,3.71319794880227,3.71958526535894,3.72597258191561
45.3,3.71409354952144,3.72047316362892,3.72685277773641
45.4,3.71497769722423,3.72135328615302,3.72772887508182
45.5,3.71583450902294,3.72222506264633,3.72861561626971
45.6,3.71667560752445,3.7230922369191,3.72950886631375
45.7,3.71753862251912,3.72396484318931,3.7303910638595
45.8,3.71841883628154,3.72484554464001,3.73127225299848
45.9,3.71931173714887,3.72573548753763,3.73215923792638
46,3.72018027990616,3.72661937241778,3.7330584649294
46.1,3.72104865566262,3.72749691579716,3.7339451759317
46.2,3.72190615829289,3.72836836398266,3.73483056967244
46.3,3.72277326127174,3.72924976851417,3.7357262757566
46.4,3.72362170286262,3.73012881497246,3.7366359270823
46.5,3.72448225470218,3.73101325518522,3.73754425566826
46.6,3.72534044607215,3.73189387770136,3.73844730933056
46.7,3.72621107882999,3.73278570638461,3.73936033393922
46.8,3.72709950951719,3.73368365789819,3.7402678062792
46.9,3.72800129727535,3.73459321831998,3.74118513936461
47,3.7288822850546,3.73548882742951,3.74209536980442
47.1,3.72977617246637,3.73638905079846,3.74300192913055
47.2,3.7306671764667,3.73728585389942,3.74390453133215
47.3,3.73152801211909,3.73817300775389,3.74481800338868
47.4,3.7323827883466,3.73905322158475,3.74572365482289
47.5,3.7332596581786,3.73994284763543,3.74662603709227
47.6,3.73412359077312,3.74083755287341,3.7475515149737
47.7,3.73497468836567,3.74173191724439,3.7484891461231
47.8,3.73584903641167,3.74263432155827,3.74941960670487
47.9,3.73673811434028,3.74353514659257,3.75033217884486
48,3.73761288136212,3.74443111425943,3.75124934715675
48.1,3.73848312116862,3.74532584267271,3.75216856417679
48.2,3.73935088845228,3.74621877876011,3.75308666906795
48.3,3.74025039817156,3.74712872151497,3.75400704485838
48.4,3.74115156278577,3.74804364021794,3.75493571765012
48.5,3.74202069081039,3.748942252006,3.75586381320162
48.6,3.74288147075413,3.74983708545881,3.75679270016349
48.7,3.74375973357315,3.7507386431209,3.75771755266866
48.8,3.74466397400023,3.75164783685415,3.75863169970806
48.9,3.74554154542947,3.75254175313329,3.75954196083712
49,3.74642437574891,3.75344492993729,3.76046548412567
49.1,3.74730342696163,3.75435118677238,3.76139894658312
49.2,3.74815703446009,3.75523779920145,3.76231856394281
49.3,3.74898676262832,3.7561100290823,3.76323329553629
49.4,3.74983579764161,3.75699830503328,3.76416081242496
49.5,3.75074681848803,3.75792243463525,3.76509805078247
49.6,3.7517314277477,3.75887821566005,3.76602500357241
49.7,3.75268793813049,3.75981571552435,3.7669434929182
49.8,3.75362972014788,3.76074938451404,3.76786904888021
49.9,3.75456739997663,3.76168669478336,3.76880598959009
50,3.75553510378907,3.76264984975914,3.76976459572921
50.1,3.75651445040088,3.76361954137523,3.77072463234957
50.2,3.75743444358797,3.76455701571088,3.77167958783379
50.3,3.75832600159427,3.76548294970867,3.77263989782306
50.4,3.75930135451104,3.76644799721299,3.77359463991494
50.5,3.76032994701959,3.76743710806758,3.77454426911558
50.6,3.76127785358511,3.76837811746972,3.77547838135433
50.7,3.76222109969142,3.76932187649846,3.7764226533055
50.8,3.76317966139213,3.77027912255501,3.7773785837179
50.9,3.76413310401933,3.77123923695628,3.77834536989322
51,3.76503588030094,3.77216769435931,3.77929950841769
51.1,3.76598667134946,3.77311428078724,3.78024189022503
51.2,3.76694944645933,3.77407706861161,3.7812046907639
51.3,3.76790747862403,3.77504353855343,3.78217959848283
51.4,3.76880120048252,3.77597228167659,3.78314336287066
51.5,3.76970200561933,3.77689623778656,3.7840904699538
51.6,3.77066017896934,3.77785212882604,3.78504407868273
51.7,3.77163732553251,3.77881888763398,3.78600044973546
51.8,3.77259732957569,3.77978089516196,3.78696446074823
51.9,3.7735418715878,3.7807377033653,3.78793353514281
52,3.77448115043992,3.78168273687831,3.78888432331669
52.1,3.77539728244829,3.78262059518753,3.78984390792677
52.2,3.7763370844284,3.78357484446329,3.79081260449818
52.3,3.77728520734277,3.78453181219229,3.79177841704182
52.4,3.77820920924609,3.78546733792463,3.79272546660318
52.5,3.77909505645369,3.78638762989538,3.79368020333707
52.6,3.78000294614042,3.78733232813737,3.79466171013431
52.7,3.78095289617239,3.78829596487002,3.79563903356765
52.8,3.78191264794649,3.78925281772354,3.7965929875006
52.9,3.7828533970687,3.79020121354081,3.79754903001291
53,3.78378243974655,3.79115591373852,3.79852938773048
53.1,3.78470656246942,3.79211332292258,3.79952008337574
53.2,3.78559103798715,3.79304791450593,3.80050479102471
53.3,3.78648654214185,3.79398830075702,3.80149005937218
53.4,3.78741391490143,3.79494022068264,3.80246652646385
53.5,3.7883753244482,3.79590807155052,3.80344081865283
53.6,3.78932531009606,3.79686762599621,3.80440994189635
53.7,3.7902293206746,3.79781635595435,3.8054033912341
53.8,3.79113922562275,3.79876995387149,3.80640068212023
53.9,3.79205188549731,3.79972213556254,3.80739238562777
54,3.7929565303094,3.80066655683834,3.80837658336728
54.1,3.79384921575862,3.80161703935571,3.80938486295281
54.2,3.79480058538137,3.80259895321346,3.81039732104554
54.3,3.7957349000253,3.80357529599096,3.81141569195662
54.4,3.79664620708598,3.80453787611368,3.81242954514139
54.5,3.79754249749634,3.8054947587267,3.81344701995706
54.6,3.79847074445461,3.80647097471412,3.81447120497363
54.7,3.79939909934429,3.80745462313856,3.81551014693282
54.8,3.80031821944377,3.80843567858062,3.81655313771747
54.9,3.80123434832181,3.80941768815139,3.81760102798097
55,3.802129855644,3.81038984042491,3.81864982520581
55.1,3.80301752319227,3.81136181382603,3.81970610445979
55.2,3.80391881197502,3.81234710018022,3.82077538838541
55.3,3.80486686935509,3.8133610709956,3.82185527263612
55.4,3.80580760951638,3.81437140798342,3.82293520645047
55.5,3.80674177775262,3.81538577586239,3.82402977397215
55.6,3.80766043607204,3.81640740707033,3.82515437806862
55.7,3.80857926193057,3.81744252456945,3.82630578720833
55.8,3.80949288774827,3.81846864935141,3.82744441095454
55.9,3.81041469279913,3.81949994496732,3.82858519713552
56,3.81132191078875,3.82052988957281,3.82973786835687
56.1,3.81225274332754,3.82158462523093,3.83091650713432
56.2,3.81319777502194,3.82264680827966,3.83209584153738
56.3,3.81414739646508,3.82371964409025,3.83329189171542
56.4,3.81506735509358,3.82477991230148,3.83449246950938
56.5,3.81597632196676,3.82583816231679,3.83570000266682
56.6,3.81689653026433,3.82691506321248,3.83693359616063
56.7,3.81783579331335,3.82800886276274,3.83818193221214
56.8,3.81878155650456,3.82911154146916,3.83944152643375
56.9,3.81974461047819,3.83022209719194,3.8406995839057
57,3.82072045244192,3.83134385469211,3.84196725694231
57.1,3.82170070279831,3.83247008550156,3.84323946820482
57.2,3.82264794491087,3.83358537433176,3.84452280375265
57.3,3.82360188108669,3.83470734820957,3.84581281533245
57.4,3.82457875335257,3.83583847344093,3.84709819352929
57.5,3.82556413681635,3.83697709999265,3.84839006316895
57.6,3.82654761940254,3.83811782324468,3.84968802708683
57.7,3.82752861517306,3.83925689537052,3.85098517556799
57.8,3.82851610801661,3.84039389918016,3.8522716903437
57.9,3.82949189832545,3.84150981880601,3.85352773928658
58,3.8304928111827,3.84263314213559,3.85477347308847
58.1,3.83151154933351,3.84375411193651,3.8559966745395
58.2,3.83254518320254,3.84488046353987,3.8572157438772
58.3,3.83358549747309,3.84599740885019,3.8584093202273
58.4,3.8346128630697,3.84710103986254,3.85958921665538
58.5,3.83564720661011,3.84819659431229,3.86074598201447
58.6,3.83668695037639,3.84928717179514,3.86188739321388
58.7,3.83773110523249,3.850365045391,3.86299898554951
58.8,3.83877089164707,3.85143258013591,3.86409426862475
58.9,3.83983663223433,3.85249718509797,3.86515773796161
59,3.84093215783603,3.85356752671432,3.86620289559261
59.1,3.84201019725239,3.85461776941251,3.86722534157263
59.2,3.84306508784441,3.85565356658537,3.86824204532632
59.3,3.84416388978587,3.85669812926261,3.86923236873935
59.4,3.8453019466891,3.85775772721762,3.87021350774613
59.5,3.8463598732551,3.85876509676757,3.87117032028005
59.6,3.84738284606558,3.85974183814753,3.87210083022947
59.7,3.84845037241904,3.8607329697501,3.87301556708116
59.8,3.8495735157781,3.86174963946082,3.87392576314354
59.9,3.85068103435951,3.86275768904409,3.87483434372867
60,3.851729064303,3.86373890074898,3.87574873719496
60.1,3.85275758791458,3.86471096895064,3.87666434998671
60.2,3.8538474658098,3.86570122417794,3.87755498254607
60.3,3.8549573854172,3.86668789353081,3.87841840164442
60.4,3.85605884442865,3.86766277786829,3.87926671130793
60.5,3.85716682485351,3.86864589670497,3.88012496855644
60.6,3.85826968646915,3.86962707605151,3.88098446563387
60.7,3.85937509057323,3.87059884187484,3.88182259317644
60.8,3.86050967360338,3.87157549687869,3.88264132015399
60.9,3.86165337816898,3.87255568877778,3.88345799938658
61,3.86277424548415,3.8735239917254,3.88427373796664
61.1,3.86386731078871,3.87447220977765,3.88507710876659
61.2,3.86498319173442,3.87542749367118,3.88587179560794
61.3,3.86610928608796,3.87639362546102,3.88667796483408
61.4,3.86723890081252,3.87736110437954,3.88748330794656
61.5,3.86832760420153,3.87829612129487,3.88826463838821
61.6,3.86942815780679,3.87922702994822,3.88902590208965
61.7,3.87053526623623,3.88016291064646,3.8897905550567
61.8,3.87164101890518,3.88110202495362,3.89056303100205
61.9,3.87272152515866,3.88202692563323,3.89133232610779
62,3.87377660711172,3.88293311920545,3.89208963129917
62.1,3.87483468194758,3.88383917315695,3.89284366436632
62.2,3.87590319693771,3.88474837183883,3.89359354673995
62.3,3.87696990628163,3.88565399748044,3.89433808867925
62.4,3.87801160388589,3.88654201704944,3.89507243021299
62.5,3.87905995131949,3.88743766887089,3.8958153864223
62.6,3.8801243548863,3.88834050841857,3.89655666195084
62.7,3.88117529688935,3.88923109025125,3.89728688361315
62.8,3.88216738122172,3.89008697116437,3.89800656110701
62.9,3.88314349261167,3.89093496123587,3.89872642986008
63,3.8841444055012,3.89179943761818,3.89945446973517
63.1,3.88515576952585,3.8926685162536,3.90018126298135
63.2,3.88613438088595,3.89352085569261,3.90090733049926
63.3,3.88710697852667,3.89437098185,3.90163498517333
63.4,3.8880796593565,3.89522286495556,3.90236607055462
63.5,3.88905913706158,3.89607583754469,3.9030925380278
63.6,3.89003225649089,3.89692383064004,3.9038154047892
63.7,3.8909791715381,3.89775541916251,3.90453166678691
63.8,3.8918918828065,3.89856463766285,3.9052373925192
63.9,3.89282190384169,3.89938253579482,3.90594316774795
64,3.89376837946699,3.90021397784366,3.90665957622032
64.1,3.89468935049979,3.90102977984421,3.90737020918863
64.2,3.8955724062017,3.9018204023432,3.9080683984847
64.3,3.89645923016927,3.90261173229441,3.90876423441954
64.4,3.89737968388297,3.9034187410473,3.90945779821163
64.5,3.89827598269098,3.90421778031656,3.91015957794215
64.6,3.89914581542003,3.90500974767657,3.91087367993312
64.7,3.90002215702789,3.90580902029903,3.91159588357018
64.8,3.9008922749335,3.90659733929547,3.91230240365743
64.9,3.9017481218562,3.90737821575675,3.9130083096573
65,3.90261570626989,3.90816564358321,3.91371558089653
65.1,3.90349016014978,3.90896136931782,3.91443257848585
65.2,3.90432328336902,3.90973096342115,3.91513864347329
65.3,3.90517673207703,3.91050531725545,3.91583390243387
65.4,3.90604182862389,3.91128551813576,3.91652920764763
65.5,3.90688949529065,3.91206458505274,3.91723967481484
65.6,3.90769253200005,3.91282304173315,3.91795355146624
65.7,3.9085263778938,3.91359638770539,3.91866639751697
65.8,3.90936597878095,3.91437177147056,3.91937756416018
65.9,3.91020509296888,3.9151416210784,3.92007814918791
66,3.91102905110794,3.91590228008089,3.92077550905384
66.1,3.91186651920993,3.91667499298712,3.9214834667643
66.2,3.91271430023279,3.91746517942596,3.92221605861912
66.3,3.91355091594939,3.91825105922682,3.92295120250426
66.4,3.91438722583174,3.9190357027667,3.92368417970167
66.5,3.91518951445576,3.91980064501917,3.92441177558258
66.6,3.91598627174585,3.92055819302073,3.92513011429561
66.7,3.91676462369111,3.92130363913642,3.92584265458173
66.8,3.91756383591983,3.92206436550839,3.92656489509696
66.9,3.91837611643447,3.92284478697107,3.92731345750767
67,3.91920937524523,3.92364005967884,3.92807074411245
67.1,3.92004664905209,3.92443271326349,3.92881877747489
67.2,3.92086761879819,3.92521055260576,3.92955348641334
67.3,3.92168756742171,3.92598810877948,3.93028865013724
67.4,3.92249394262003,3.92676404232838,3.93103414203673
67.5,3.92328209074939,3.92752760283744,3.93177311492548
67.6,3.92405860206395,3.92828646756471,3.93251433306547
67.7,3.92487334545027,3.92906777933241,3.93326221321455
67.8,3.92569474947882,3.92985527636902,3.93401580325922
67.9,3.9265169508022,3.93064235136182,3.93476775192145
68,3.9273253872096,3.93142628204515,3.9355271768807
68.1,3.92816999771856,3.93222912861384,3.93628825950912
68.2,3.92899300543936,3.93301918207815,3.93704535871693
68.3,3.92984985606531,3.93383559980352,3.93782134354174
68.4,3.93068980769409,3.93464513781731,3.93860046794052
68.5,3.93149015207889,3.93542981744599,3.93936948281309
68.6,3.93226391031634,3.93620497744159,3.94014604456685
68.7,3.93309435616603,3.93701260871056,3.94093086125508
68.8,3.93395788933535,3.93783326994303,3.94170865055071
68.9,3.93478661134258,3.93864045842519,3.9424943055078
69,3.93559916696485,3.93944159499892,3.94328402303299
69.1,3.93638964053208,3.9402315764546,3.94407351237712
69.2,3.93719187456738,3.94102362460126,3.94485537463515
69.3,3.93803656533072,3.94184037634156,3.94564418735239
69.4,3.93889308592278,3.94266958341695,3.94644608091113
69.5,3.9397220657514,3.94349648753994,3.94727090932849
69.6,3.94050633876501,3.94429294422383,3.94807954968264
69.7,3.94129766785991,3.94509320249131,3.94888873712272
69.8,3.94210266706981,3.94590060875013,3.94969855043046
69.9,3.94293135027155,3.9467229115701,3.95051447286866
70,3.94376779167853,3.94753247545598,3.95129715923343
70.1,3.94462666031553,3.94835302564742,3.95207939097931
70.2,3.94546997525254,3.94917333798406,3.95287670071559
70.3,3.94627651338739,3.94998699107264,3.95369746875788
70.4,3.94707647022115,3.95079642717313,3.95451638412511
70.5,3.94792022523805,3.95161163515445,3.95530304507086
70.6,3.94876828795007,3.95243200490681,3.95609572186355
70.7,3.94962065636205,3.95326203501161,3.95690341366117
70.8,3.95048402020194,3.95409866226243,3.95771330432292
70.9,3.95134634902531,3.95493268665913,3.95851902429295
71,3.95218012235183,3.95575763690758,3.95933515146334
71.1,3.9530153670776,3.95659196297333,3.96016855886905
71.2,3.95388792552268,3.95745044921367,3.96101297290467
71.3,3.95474751069673,3.95830181078963,3.96185611088253
71.4,3.95558067658988,3.95913548033538,3.96269028408087
71.5,3.95643240043284,3.95997661806715,3.96352083570146
71.6,3.95731295297667,3.96083628614427,3.96435961931188
71.7,3.95816999288638,3.96169136050809,3.96521272812981
71.8,3.95903433335773,3.96254466065662,3.96605498795551
71.9,3.95991566166394,3.96340134431658,3.96688702696922
72,3.96079062931924,3.96426712888119,3.96774362844313
72.1,3.9616482163921,3.96512985994157,3.96861150349104
72.2,3.96250799910489,3.96600354273443,3.96949908636397
72.3,3.96341652614092,3.96689210161873,3.97036767709654
72.4,3.96432184919486,3.96777620092835,3.97123055266184
72.5,3.96519960487265,3.96863997445783,3.97208034404302
72.6,3.96609464668869,3.96953131713715,3.97296798758562
72.7,3.96701622984869,3.97043186897798,3.97384750810728
72.8,3.96791494127233,3.97132645751364,3.97473797375494
72.9,3.96880754661857,3.97221663521203,3.97562572380549
73,3.9697359793,3.97312561425171,3.97651524920341
73.1,3.9706624093366,3.97403433784876,3.97740626636092
73.2,3.97157322238187,3.97494376076859,3.97831429915531
73.3,3.97244762952087,3.97583564829898,3.97922366707709
73.4,3.9733604456502,3.97674669215482,3.98013293865944
73.5,3.974319088889,3.97768949715283,3.98105990541665
73.6,3.97525051730553,3.97861629870301,3.98198208010049
73.7,3.97612724626281,3.97950947090248,3.98289169554215
73.8,3.97702198533509,3.98040669156022,3.98379139778535
73.9,3.97797291712508,3.98133951162852,3.98470610613196
74,3.97894156172416,3.98228724962775,3.98563293753134
74.1,3.97989563586137,3.9832327234288,3.98656981099622
74.2,3.98080589097855,3.98415345625341,3.98750102152828
74.3,3.98172325815367,3.9850748155623,3.98842637297093
74.4,3.98264290489448,3.98599661963315,3.98935033437182
74.5,3.98356987827845,3.98693079572139,3.99029171316432
74.6,3.98451503814817,3.98787937616709,3.991243714186
74.7,3.9854875697865,3.98883798936333,3.99218840894017
74.8,3.98647255076935,3.98979731536173,3.9931220799541
74.9,3.98744041247844,3.9907547042788,3.99406899607916
75,3.98839349899806,3.99170943133128,3.9950253636645
75.1,3.98934092953581,3.99265796162437,3.99597499371294
75.2,3.99028549141635,3.99360688873693,3.9969282860575
75.3,3.99121130620846,3.99454609630806,3.99788088640765
75.4,3.99215737372115,3.99549776172601,3.99883814973086
75.5,3.99312735079551,3.99646206868798,3.99979678658044
75.6,3.99409154632852,3.99742286520976,4.000754184091
75.7,3.995042377891,3.998385668236,4.00172895858101
75.8,3.99599184732518,3.99935072599369,4.0027096046622
75.9,3.99695389936114,4.0003225312118,4.00369116306246
76,3.99791724494672,4.00128467063871,4.0046520963307
76.1,3.99889587427544,4.00225300154471,4.00561012881397
76.2,3.9998649779728,4.00321187578527,4.00655877359774
76.3,4.00084196195098,4.00417869486251,4.00751542777405
76.4,4.00178281997982,4.00512656637479,4.00847031276977
76.5,4.00272109764301,4.00608008329814,4.00943906895328
76.6,4.00366595938363,4.0070385649387,4.01041117049377
76.7,4.00462549367097,4.00799921847058,4.01137294327018
76.8,4.00558615172176,4.00895724293323,4.0123283341447
76.9,4.00654167457577,4.00991916803711,4.01329666149846
77,4.007509962349,4.01088881093529,4.01426765952158
77.1,4.00846811218584,4.01185301931749,4.01523792644914
77.2,4.00942894645596,4.01281561361066,4.01620228076536
77.3,4.01037439789632,4.01377189288045,4.01716938786457
77.4,4.01134103399956,4.01474145997743,4.01814188595529
77.5,4.01229371022136,4.01570216574035,4.01911062125934
77.6,4.01325327982552,4.01665738512773,4.02006149042995
77.7,4.01418030733856,4.01759488113376,4.02100945492895
77.8,4.01511403907158,4.01853948896412,4.02196493885665
77.9,4.0160518305905,4.01948984597677,4.02292786136304
78,4.01699509681569,4.02044562804401,4.02389615927232
78.1,4.01787702625185,4.0213679444277,4.02485886260355
78.2,4.01879269423123,4.02230550735687,4.02581832048251
78.3,4.01976789245271,4.02327176560277,4.02677563875283
78.4,4.02073622251963,4.02423332162805,4.02773042073648
78.5,4.02165086601689,4.02516430879474,4.02867775157259
78.6,4.02260062345965,4.02611706129639,4.02963349913313
78.7,4.02352795116892,4.02705795248884,4.03058795380877
78.8,4.02441233952538,4.02797070443567,4.03152906934597
78.9,4.02529725852148,4.0288749654618,4.03245267240212
79,4.02624141824101,4.02981674621218,4.03339207418335
79.1,4.02716500416928,4.03074742299933,4.03432984182939
79.2,4.02806412692791,4.0316572577448,4.03525038856168
79.3,4.02895980338076,4.03255892342522,4.03615804346969
79.4,4.02985995497514,4.03346708962208,4.03707422426901
79.5,4.03079291059111,4.03439224505609,4.03799157952106
79.6,4.03177417757394,4.03533681194231,4.03889944631068
79.7,4.03272861142039,4.03626819641168,4.03980778140298
79.8,4.03371026385522,4.0372175615699,4.04072485928459
79.9,4.03469246810455,4.03816463304081,4.04163679797707
80,4.03569883679894,4.03912086767625,4.04254289855357
80.1,4.03667159549942,4.04005750434782,4.04344341319622
80.2,4.03765969086571,4.04100149135251,4.04434329183931
80.3,4.0386108527918,4.04192252740237,4.04523420201295
80.4,4.03955642979936,4.04283666422226,4.04611689864515
80.5,4.04051415700464,4.0437594553439,4.04700475368316
80.6,4.04149083841504,4.04469240013408,4.04789396185311
80.7,4.04245371577148,4.04561159284849,4.04876946992549
80.8,4.04338456567957,4.04650737402121,4.04963018236286
80.9,4.04428650794247,4.04738751219539,4.0504885164483
81,4.04517994449514,4.04826494265773,4.05134994082033
81.1,4.04611550532389,4.04915925206116,4.05220299879843
81.2,4.04705231279949,4.05005396245782,4.05305561211615
81.3,4.04796858064068,4.05093111916945,4.05389365769822
81.4,4.04884144342931,4.0517771795987,4.05471291576809
81.5,4.04970256525511,4.05261921237084,4.05553585948657
81.6,4.05054310245993,4.05345234540198,4.05636158834402
81.7,4.05139268575454,4.05428214292572,4.0571716000969
81.8,4.05224548332342,4.0551049444194,4.05796440551538
81.9,4.05308555878073,4.05592046067636,4.05875536257199
82,4.05389402950356,4.05671333292719,4.05953263635081
82.1,4.05470449601724,4.05750415285999,4.06030380970274
82.2,4.05552894611584,4.05829705751693,4.06106516891802
82.3,4.05630889861278,4.05906188533833,4.06181487206387
82.4,4.0570780824197,4.05981887111869,4.06255965981768
82.5,4.05785325258674,4.0605824632082,4.06331167382966
82.6,4.05863723777157,4.06134053027365,4.06404382277573
82.7,4.0593924611995,4.0620731372671,4.06475381333471
82.8,4.06012858704173,4.06279598939697,4.06546339175221
82.9,4.06084258425139,4.0635059492934,4.06616931433541
83,4.06154555051258,4.06420492441662,4.06686429832065
83.1,4.06225028045809,4.06489615554638,4.06754203063467
83.2,4.06295555018739,4.06558105750648,4.06820656482556
83.3,4.06361000105335,4.06623015856772,4.06885031608208
83.4,4.06424830700112,4.06686528336616,4.0694822597312
83.5,4.06488245467925,4.06749438328809,4.07010631189693
83.6,4.0655410755304,4.06813685107046,4.07073262661052
83.7,4.06614996244389,4.06875008128882,4.07135020013374
83.8,4.06672704694853,4.06933614905652,4.0719452511645
83.9,4.06729694410054,4.06990520589081,4.07251346768109
84,4.0679026979871,4.0704896067588,4.0730765155305
84.1,4.06849381643124,4.07105952558772,4.0736252347442
84.2,4.06904320935822,4.07159718019498,4.07415115103174
84.3,4.06952908817981,4.07209442259237,4.07465975700492
84.4,4.07000257297037,4.07259104870499,4.0751795244396
84.5,4.07048537631801,4.07308741265222,4.07568944898642
84.6,4.07097720817867,4.07358931530302,4.07620142242736
84.7,4.07143396768729,4.07406367750436,4.07669338732144
84.8,4.07188349649958,4.07451984739333,4.07715619828709
84.9,4.07235813626825,4.07497249041291,4.07758684455756
85,4.07278488287751,4.07540334973452,4.07802181659153
85.1,4.07320103084581,4.0758260248693,4.07845101889279
85.2,4.07362418284456,4.07625052334764,4.07887686385072
85.3,4.07406184886902,4.07667360503207,4.07928536119512
85.4,4.07445097907412,4.07705919255808,4.07966740604203
85.5,4.07484619470419,4.07744087095468,4.08003554720518
85.6,4.07524437206854,4.07782594112901,4.08040751018948
85.7,4.0756317952957,4.0782008635622,4.08076993182871
85.8,4.07600378492135,4.07855991281739,4.08111604071344
85.9,4.07635327664864,4.07890306735749,4.08145285806634
86,4.07670441765702,4.07924518026221,4.0817859428674
86.1,4.07706252010184,4.07958715463406,4.08211178916629
86.2,4.07738934861934,4.0799085270899,4.08242770556046
86.3,4.07768336656115,4.08021140536938,4.08273944417762
86.4,4.07799915019167,4.0805256422534,4.08305213431512
86.5,4.07832662186439,4.08084625058627,4.08336587930814
86.6,4.0786267595034,4.0811517583082,4.083676757113
86.7,4.07895942787128,4.08147162961471,4.08398383135813
86.8,4.07931191184826,4.08179954455084,4.08428717725342
86.9,4.07963212287523,4.08210894685475,4.08458577083426
87,4.07991555667962,4.08239581400304,4.08487607132646
87.1,4.08019045956978,4.08267475633831,4.08515905310684
87.2,4.08049101916557,4.08296646694327,4.08544191472096
87.3,4.08082758130544,4.08327719741258,4.08572681351973
87.4,4.08114170545851,4.08357321192576,4.08600471839302
87.5,4.08141299508098,4.08384413582972,4.08627527657845
87.6,4.0816780273516,4.08411351671887,4.08654900608613
87.7,4.0820004021827,4.08441531368317,4.08683022518364
87.8,4.08230298910295,4.08470872242569,4.08711445574844
87.9,4.08260518240639,4.08500201659118,4.08739885077597
88,4.08289281267629,4.085288298949,4.08768378522171
88.1,4.08319550102722,4.08558367819629,4.08797185536537
88.2,4.08347971129988,4.08586915417586,4.08825859705183
88.3,4.08375043222116,4.08614246415286,4.08853449608456
88.4,4.08403862809572,4.08642049751972,4.08880236694373
88.5,4.08433152880284,4.08670398616897,4.08907644353511
88.6,4.08462660786239,4.08699764044841,4.08936867303444
88.7,4.08491496333609,4.08729526671663,4.08967557009716
88.8,4.08525115667858,4.0876126712502,4.08997418582183
88.9,4.08557141515425,4.08791159956713,4.09025178398001
89,4.08585560820483,4.08819112971118,4.09052665121752
89.1,4.08613415674517,4.08847371769838,4.09081327865158
89.2,4.0864228814571,4.08876055211028,4.09109822276346
89.3,4.08672894703904,4.08905408058795,4.09137921413687
89.4,4.08703337788523,4.08935215932709,4.09167094076895
89.5,4.0873048804086,4.08963883548224,4.09197279055588
89.6,4.08751348880667,4.0898937888608,4.09227408891492
89.7,4.08772388920899,4.09014896363049,4.09257403805199
89.8,4.08792117680081,4.09039809590231,4.09287501500381
89.9,4.08813136239066,4.09065258226202,4.09317380213336
90,4.08833492441629,4.09089177429196,4.09344862416763
90.1,4.08856930751861,4.09113642148812,4.09370353545762
90.2,4.08879818187726,4.09138169056309,4.09396519924893
90.3,4.08899911518189,4.09161791365201,4.09423671212213
90.4,4.08921193080343,4.09186462999223,4.09451732918103
90.5,4.089469283271,4.09213072569784,4.09479216812469
90.6,4.08972237041724,4.09239163124736,4.09506089207748
90.7,4.08995845582593,4.09264880609371,4.0953391563615
90.8,4.09017937013939,4.09290480463273,4.09563023912608
90.9,4.09038380536915,4.09315097458456,4.09591814379996
91,4.09059988954082,4.09339998321273,4.09620007688465
91.1,4.09084236602695,4.09366659857622,4.09649083112549
91.2,4.0910966811676,4.09394258909174,4.09678849701588
91.3,4.09135966080037,4.09422256418774,4.09708546757512
91.4,4.09161467137999,4.0944990597302,4.09738344808041
91.5,4.09186327137367,4.09477549660627,4.09768772183887
91.6,4.09212640648889,4.09506357112277,4.09800073575666
91.7,4.09240957645263,4.09536625160634,4.09832292676005
91.8,4.09266447881549,4.09565235421507,4.09864022961466
91.9,4.09291330720277,4.0959310665143,4.09894882582582
92,4.09317298029317,4.09622107092738,4.0992691615616
92.1,4.09345490784693,4.09653313285352,4.09961135786012
92.2,4.09375159030577,4.09685263471788,4.09995367912999
92.3,4.09404863849808,4.09717127643663,4.10029391437519
92.4,4.09434585362972,4.09749541494302,4.10064497625631
92.5,4.09463927698784,4.09782413350368,4.10100899001953
92.6,4.09494902962292,4.09816396312948,4.10137889663603
92.7,4.09525889206951,4.09850425575705,4.10174961944459
92.8,4.09559286043881,4.09885722707052,4.10212159370222
92.9,4.09591192472244,4.09920743754551,4.10250295036858
93,4.09623451732707,4.09956416803188,4.10289381873669
93.1,4.0965567314864,4.09992533362068,4.10329393575497
93.2,4.09692864949063,4.1003117666909,4.10369488389116
93.3,4.09728016154796,4.10068686753576,4.10409357352356
93.4,4.09764496823246,4.10107042252498,4.1044958768175
93.5,4.09801205539231,4.10146833486656,4.1049246143408
93.6,4.09837908788466,4.10187207431825,4.10536506075183
93.7,4.09871918315604,4.10225639214451,4.10579360113299
93.8,4.09908731582705,4.10266022740183,4.10623313897662
93.9,4.0994809068554,4.10308536362713,4.10668982039886
94,4.0998670397157,4.10351441159642,4.10716178347715
94.1,4.10025811445433,4.10394875620572,4.1076393979571
94.2,4.10067976245629,4.10440161206871,4.10812346168113
94.3,4.10111101910045,4.10485516926048,4.10859931942051
94.4,4.10153816528859,4.10531357268992,4.10908898009126
94.5,4.10196807203002,4.10578542096697,4.10960276990392
94.6,4.10241958404248,4.10627100190869,4.1101224197749
94.7,4.10288732028161,4.10676560765565,4.11064389502969
94.8,4.10334332746376,4.10726260547869,4.11118188349363
94.9,4.10381649360664,4.10777511409764,4.11173373458865
95,4.10432394902278,4.1083100308399,4.11229611265701
95.1,4.10482475302361,4.10884699582286,4.11286923862211
95.2,4.10529399439176,4.10938142566467,4.11346885693758
95.3,4.10579329114417,4.10993898806079,4.11408468497742
95.4,4.10635162642196,4.11053093202192,4.11471023762188
95.5,4.1069255034027,4.11112921737855,4.1153329313544
95.6,4.10749944068108,4.11173161919244,4.11596379770379
95.7,4.1080513608872,4.11233257922106,4.11661379755492
95.8,4.10860905619388,4.11294671828898,4.11728438038407
95.9,4.10921493628837,4.11358696455552,4.11795899282267
96,4.10986196799868,4.11425638817799,4.1186508083573
96.1,4.11051715236573,4.11493986920084,4.11936258603594
96.2,4.11115873503449,4.11562435233708,4.12008996963968
96.3,4.11181137679165,4.11631968137863,4.12082798596561
96.4,4.11247019046379,4.11703049942251,4.12159080838123
96.5,4.11315764341449,4.11776294989965,4.12236825638482
96.6,4.1139018688708,4.11853155688803,4.12316124490526
96.7,4.11469820623626,4.11933459843796,4.12397099063966
96.8,4.11548930217259,4.12014532978683,4.12480135740108
96.9,4.11623796599197,4.12094849378102,4.12565902157007
97,4.11699087486518,4.12176340856703,4.12653594226888
97.1,4.11777987052327,4.12260252909503,4.1274251876668
97.2,4.11862528035086,4.12347608550766,4.12832689066446
97.3,4.11950254087745,4.12437529808957,4.12924805530169
97.4,4.12039779695439,4.12529385583672,4.13018991471905
97.5,4.12129340663958,4.12622707987492,4.13116075311026
97.6,4.12222148845809,4.12718866371886,4.13215583897962
97.7,4.12317937491165,4.12817489937839,4.13317042384513
97.8,4.12415894680723,4.12918271687466,4.1342064869421
97.9,4.12514311667285,4.13020439517174,4.13526567367063
98,4.12615700893479,4.13125474150818,4.13635247408157
98.1,4.12722412332371,4.13234482528713,4.13746552725056
98.2,4.12832227367645,4.13346128692104,4.13860030016563
98.3,4.12945115819628,4.13460425028818,4.13975734238009
98.4,4.13060204687486,4.13577144726597,4.14094084765707
98.5,4.13176872268722,4.13696323538516,4.14215774808311
98.6,4.13294607169591,4.13817456687162,4.14340306204733
98.7,4.13418944061619,4.13943168420548,4.14467392779477
98.8,4.13551329529677,4.14073529121421,4.14595728713165
98.9,4.1368871114982,4.14207893743859,4.14727076337898
99,4.13824371670668,4.14343015019097,4.14861658367527
99.1,4.13965381019861,4.1448270251424,4.1500002400862
99.2,4.14110951289703,4.14625453375336,4.15139955460969
99.3,4.14265529552525,4.14774010391259,4.15282491229993
99.4,4.14425426430067,4.14927440768309,4.15429455106552
99.5,4.14594852640286,4.15087527969097,4.15580203297907
99.6,4.14770167434244,4.15251652802125,4.15733138170007
99.7,4.14956153745945,4.15422178568036,4.15888203390127
99.8,4.15162098009935,4.15604700101218,4.16047302192501
99.9,4.15544111032457,4.15876876867625,4.16209642702793
100,4.15949925089952,4.16162968410932,4.16376011731912
